tu_id	speaker	start	end	duration	text
0	BOR005	0.640	1.759	1.119	 all[o:ra]
1	BOI013	0.960	2.383	1.423	 [i~ su]gn tamarra
2	BOR005	2.520	3.565	1.045	 iniziamo
3	BOR005	3.900	4.461	0.561	 alo~
4	BOR005	5.130	6.858	1.728	 in che zona di bologna vivete?
5	BOI013	6.954	8.010	1.056	 corticella
6	BOR005	8.252	8.763	0.511	 mh
7	BOR005	8.887	10.358	1.471	 e avete sempre vissuto qua?
8	BOI013	10.642	10.918	0.276	 no
9	BOI012	10.930	11.370	0.440	 °no°
10	BOR005	12.180	14.000	1.820	 oka:y prima dove abitavate
11	BOI012	14.860	16.471	1.611	 a corticella {ride}
12	BOI012	17.620	20.689	3.069	 poi abbiamo abitato: vabbè a bologna in generale
13	BOI012	22.200	24.109	1.909	 comun~ questa non è z~ [cortic]ella qua eh
14	BOR005	23.099	23.414	0.315	 [mh]
15	BOR005	24.179	24.592	0.413	 no?
16	BOI012	24.725	25.813	1.088	 questa è la dozza eh
17	BOI013	25.860	27.392	1.532	 pero' è quartiere cortic[ella]
18	BOI012	27.206	27.560	0.354	 [n]o
19	BOR005	27.650	28.319	0.669	 ah okay
20	BOR005	28.770	33.085	4.315	 e {P} le scuole le avete frequentate qui, o in altri quartieri, in altre città,
21	BOI013	33.085	34.181	1.096	 [altri quartieri]
22	BOI012	33.085	34.181	1.096	 [altri quartieri]
23	BOR005	34.607	35.406	0.799	 ah: okay
24	BOR005	36.090	41.903	5.813	 e i vostri amici vivono ancora nei quartieri dove abita[vate vo]i o si sono spost[ati]?
25	BOI013	39.836	40.176	0.340	 [no]
26	BOI012	41.616	43.070	1.454	 [al]cuni sì alcuni no
27	BOI013	43.080	43.431	0.351	 no
28	BOR005	43.941	46.006	2.065	 e {P} vi piace questa zona?
29	BOI013	46.727	47.117	0.390	 [no]
30	BOI012	46.733	48.710	1.977	 [a me no] a me no {ride}
31	BOI013	48.720	50.458	1.738	 {ride}
32	BOR005	51.020	52.642	1.622	 e perché non vi piace?
33	BOI012	53.240	56.506	3.266	 perché viviamo su una strada troppo trafficata per [quello (che mi riguarda)]
34	BOI013	55.750	59.724	3.974	 [non ci sono ne]gozi non ci sono: non c'è niente nessun servizio
35	BOR005	60.353	60.738	0.385	 e
36	BOR005	61.014	62.976	1.962	 come migliorereste la vostra zona?
37	BOI013	63.935	64.646	0.711	 {ride}
38	BOI012	64.739	69.191	4.452	 ah beh: se avessi la possibilità di far venire dei negozi e i negozianti
39	BOR005	68.115	69.547	1.432	 {ride}
40	BOI012	69.641	71.549	1.908	 e: quant'altro co[sì]
41	BOI013	71.395	74.268	2.873	 [chiu]derei questa strada e la farei solamente per noi
42	BOR005	74.311	74.914	0.603	 {ride}
43	BOI013	75.042	78.843	3.801	 troppo trafficata di camion macchine:: {P} troppo
44	BOI013	79.005	80.185	1.180	 °non se~ si sta più°
45	BOR005	80.705	82.875	2.170	 e oltre al traffico ci sono anche altri problemi?
46	BOI012	83.150	83.870	0.720	 °no: e:h no°
47	BOI013	83.870	84.870	1.000	 è poco servita
48	BOR005	85.433	85.827	0.394	 a::h
49	BOR005	87.070	88.487	1.417	 a:nche tipo m:h in[tend~]
50	BOI013	88.205	89.245	1.040	 [di] auto[bus]
51	BOR005	88.680	89.253	0.573	 [okay]
52	BOI013	89.500	91.655	2.155	 per chi va a lavorare è: un grosso problema
53	BOI012	91.665	93.655	1.990	 >meno male che bisogna esser naturali< o:h
54	BOR005	94.565	95.035	0.470	 e::
55	BOR005	95.170	96.550	1.380	 quan~ e: <nel>
56	BOR005	97.590	98.570	0.980	 >visto che comunque<
57	BOR005	98.730	102.550	3.820	 >quindi devi< spostarti spesso per cercare:: tipo nego:zi::
58	BOI013	102.630	104.060	1.430	 sì {P} per andare a far la spesa sì
59	BOR005	104.090	107.180	3.090	 >ma li trovate qua nelle vicinanze< o [dovete] spo[starvi] parecchio
60	BOI012	105.705	106.045	0.340	 [°<sì>°]
61	BOI012	106.245	106.515	0.270	 [°sì°]
62	BOI012	107.385	110.335	2.950	 nelle vicinanze ma::: necessita l'automobile comunque
63	BOR005	110.360	110.850	0.490	 a::h
64	BOI013	110.935	111.795	0.860	 o la corriera
65	BOR005	112.855	116.015	3.160	 e {P} voi principalmente cove come mi vi muovete in città
66	BOI012	116.265	116.845	0.580	 in auto
67	BOI013	117.015	117.765	0.750	 autobus
68	BOR005	119.330	120.650	1.320	 e >qua pero'< ne passano pochi
69	BOI013	120.990	122.330	1.340	 sì {P} la linea azzurra
70	BOR005	123.070	125.660	2.590	 e quindi? {P} °m:h° la fermata più vicina qual è
71	BOI013	126.153	129.425	3.272	 no la vici~ la:: fermata è vicina {P} pero': ci sono gli orari,
72	BOR005	129.810	130.280	0.470	 a::h
73	BOI013	130.625	133.385	2.760	 se perdo un autobus poi devo s~ (a)spettare un'altra ora
74	BOR005	134.600	136.340	1.740	 >ah okay quindi< la mobilità è molto ridotta
75	BOI013	136.395	136.825	0.430	 sì
76	BOI013	137.660	139.440	1.780	 specialmente di domenica festivi
77	BOR005	139.520	139.930	0.410	 °m:h°
78	BOR005	140.325	142.495	2.170	 invece in auto com'è <spostarsi> DA qua
79	BOI012	143.100	144.160	1.060	 ah e:::h
80	BOI012	144.300	149.390	5.090	 ti sposti in auto come: come da tutte le altre parti, prendi la macchina {ride} e vai dove devi andare °>cioè<°
81	BOR005	150.345	150.765	0.420	 e::
82	BOR005	151.035	153.545	2.510	 invece {P} parlando di bologna in generale
83	BOR005	154.230	157.590	3.360	 pensate che la <città> sia cambiata molto negli ul[timi an]ni?
84	BOI013	156.790	157.300	0.510	 [sì]
85	BOI012	158.880	159.970	1.090	 [mah] {P} non so::
86	BOI013	158.910	159.200	0.290	 [sì]
87	BOI013	159.985	160.405	0.420	 sì
88	BOI013	161.920	162.710	0.790	 >cioè< per me sì
89	BOR005	162.895	163.785	0.890	 per te no {ride}
90	BOI012	163.830	166.250	2.420	 sì e no: (in)somma: dipende dai punti di vista
91	BOR005	167.150	167.270	0.120	 a~
92	BOI012	167.290	169.400	2.110	 >dipende che cosa intendi per< cambiata cioè
93	BOI013	169.485	171.395	1.910	 cambiata che era più vivibile prima
94	BOR005	171.650	173.220	1.570	 quindi per te è cambiata in peggio?
95	BOI013	173.333	174.450	1.117	 per me è cambiata in peggio
96	BOR005	174.825	175.945	1.120	 eh ma in che senso in peggio
97	BOI013	175.965	179.825	3.860	 eh in peggio perché non {P} prima c'era più sicurezza adesso è meno sicura bologna
98	BOR005	180.405	184.775	4.370	 >ma dici< a~ i:~ tipo in determinate zone, o più in gene[rale dappertutto]
99	BOI013	183.720	187.050	3.330	 [in ge:~ no e:]::h in determinate zone,
100	BOI013	187.490	189.480	1.990	 prima e:ra più tranquilla bologna
101	BOI013	190.035	191.665	1.630	 la gente sce~ usciva di più
102	BOI013	192.000	192.950	0.950	 alla sera,
103	BOI013	193.265	194.515	1.250	 usciva di più::
104	BOI013	194.660	195.960	1.300	 in strada a[desso no]
105	BOI012	195.340	199.530	4.190	 [ma: e dopo] due anni di covid non è che >tutti vanno all'este~< e la gen[te che esce] cioè: [>gina<]
106	BOI013	198.310	198.850	0.540	 [°m:h°]
107	BOI013	199.193	200.685	1.492	 #[°ma° non] c'entra u covid
108	BOI012	200.685	201.005	0.320	 ah eh
109	BOI013	201.200	202.110	0.910	 [non centra]
110	BOI012	201.210	202.600	1.390	 [ah centra {P}] c'entra
111	BOI013	202.635	205.325	2.690	 no: la: gente ha più paura di uscire {P} di sera
112	BOR005	205.610	205.820	0.210	 mh
113	BOI013	205.895	206.715	0.820	 ha più paura
114	BOI012	206.765	208.387	1.622	 ah io tutta sta paura non °m:::h°
115	BOR005	208.475	210.595	2.120	 >e quindi tu non lo noti< ques[to cambiam]ento in p[eggio]
116	BOI012	209.415	209.795	0.380	 [no]
117	BOI012	210.135	210.575	0.440	 [no]
118	BOI013	210.315	211.015	0.700	 [°ah°] io m:h
119	BOI013	211.415	212.995	1.580	 io abitavo in stazione centrale,
120	BOI012	213.000	215.840	2.840	 xxx {P} traffico, magari c'è più [traffico],
121	BOI013	215.170	216.020	0.850	 [si no]ta
122	BOI012	216.590	217.780	1.190	 pero': cioè::: [mh]
123	BOI013	217.630	219.130	1.500	 [la] differenza enrico
124	BOR005	220.870	223.650	2.780	 ma che in che senso questa differenza che non ho [ben capito]
125	BOI013	222.990	227.080	4.090	 [che prima >cio]è< e::: io abitavo::: >e enri~< io abitavo in stazione centra[le]
126	BOI012	226.955	227.355	0.400	 [m:h]
127	BOI013	227.355	229.075	1.720	 io tornavo a casa senza problemi
128	BOI012	229.135	232.115	2.980	 sì {P} poi hanno fatto esplodere una bomba gina è cambiato tutto
129	BOR005	231.068	231.622	0.554	 {ride}
130	BOI013	233.735	234.875	1.140	 °che cavolo dici°
131	BOI012	235.015	235.935	0.920	 ah che ca[volo dici]
132	BOI013	235.465	236.885	1.420	 [non è la] bomba enrico
133	BOI013	237.255	238.145	0.890	 >prima si u~ si<
134	BOI013	238.310	240.390	2.080	 c'è troppa:: delinquenza in giro
135	BOI013	240.610	242.630	2.020	 troppe persone, troppo spac[cio,]
136	BOI012	242.520	244.990	2.470	 [ma] quando vai tu in centro (lascia [sta~) (m]a quando) ci vai
137	BOI013	243.920	244.240	0.320	 [eh?]
138	BOI012	245.345	246.255	0.910	 [quando sei s]tata
139	BOI013	245.350	245.980	0.630	 [ercole:]
140	BOI012	246.590	247.660	1.070	 l'ultima volta in centro
141	BOI013	248.175	249.635	1.460	 >perché non vado< in cen[tro io?]
142	BOI012	249.180	250.360	1.180	 [vabbè] (dire::) in [questo]
143	BOI013	249.985	252.395	2.410	 [non vado] in piazzola? non vado in monta[gnola?]
144	BOI012	252.040	254.460	2.420	 [beh va b]eh oh {P} punti di vista io non [m:h]
145	BOI013	254.210	258.019	3.809	 >[cioè] vai sa~< vai:: sotto il sottopassaggio della:: all'autostazione,
146	BOI012	258.105	258.505	0.400	 [mh]
147	BOI013	258.180	258.760	0.580	 [che]::
148	BOI013	258.880	260.839	1.959	 che trovi sempre spacciatori >che ti ve~<
149	BOI013	260.890	261.959	1.069	 che ti danno della
150	BOI013	262.089	264.120	2.031	 u:h vuole QUALCOSA signora?
151	BOI013	264.170	266.480	2.310	 #ne vuole? >ma ma< sa vut {P} dalla vita
152	BOI013	267.755	271.445	3.690	 [>cioè] cio~ enrico< tu: il problema >è che tu prendi< là:: la macchina e non gir~
153	BOI012	267.760	267.990	0.230	 [mh]
154	BOI013	271.760	273.900	2.140	 IO prendo la corriera, l'autostazione,
155	BOI013	274.050	275.900	1.850	 è PIENA PIENA PIENA
156	BOI013	277.385	279.105	1.720	 è:: brutto dirlo ma è così
157	BOR005	279.345	286.975	7.630	 ma secondo te questi <problemi> >quindi di delinquenza di spaccio< sono: limitati ad alcune aree? o {P} un po' in tutta bologna: <indis[tintamente>]
158	BOI013	286.390	288.300	1.910	 [no io non è ch]e poi conosco >(tut)ta la do~<
159	BOI013	288.435	291.385	2.950	 >cioè sicuramente la stazione< l'autostazione, ci sono
160	BOI013	291.680	293.520	1.840	 determinati punti che più::
161	BOI013	293.675	295.495	1.820	 che:::: uno ha paura
162	BOI013	295.615	296.735	1.120	 l'autostazione,
163	BOI013	296.925	299.225	2.300	 via amendola, via petramellara,
164	BOI013	299.735	302.195	2.460	 cioè:::: cioè non è che io sto mu~
165	BOI013	302.475	303.905	1.430	 in mummia: in casa
166	BOI013	304.175	305.345	1.170	 io esco enrico
167	BOR005	305.490	305.650	0.160	 mh
168	BOI013	306.590	307.780	1.190	 cioè e:: si notano
169	BOI013	308.020	309.700	1.680	 >le si(ge)~< le persone >proprio< che
170	BOI013	310.220	313.590	3.370	 e {P} a~ dedite allo spaccio ma anche qui in piazza: dell'unità,
171	BOI013	314.815	315.685	0.870	 sai quante v[ol]te
172	BOR005	315.310	315.560	0.250	 [°mh°]
173	BOI013	316.930	318.700	1.770	 vediamo::: bottigliate
174	BOR005	318.890	319.160	0.270	 [mh]
175	BOI013	318.915	321.005	2.090	 [di p]ersone che se le danno in testa
176	BOI013	321.880	322.270	0.390	 cioè oh
177	BOR005	322.405	323.525	1.120	 tu non le noti queste co[se?]
178	BOI013	323.355	325.765	2.410	 [ma] [lui è a lavora:re lui non c'è di matt]ina,
179	BOI012	323.585	325.365	1.780	 [mh no onestamente no]
180	BOR005	325.983	326.183	0.200	 mh
181	BOI012	326.440	329.560	3.120	 quando vado in giro::: >che mi capita di andare< in centro °non è che:°
182	BOI012	330.530	332.430	1.900	 vedo della gente che c'è:: in giro:
183	BOI012	332.500	333.430	0.930	 che si fa i fatti loro,
184	BOI012	333.615	333.815	0.200	 cioè
185	BOI012	334.875	337.035	2.160	 tutti sti spacciatori non li noto cioè non
186	BOR005	338.185	340.215	2.030	 quindi per te non c'è stato un peggioramento
187	BOI012	340.340	343.480	3.140	 ma no: ma per me: la città è sempre quella cioè bene o male
188	BOR005	344.640	346.070	1.430	 e voi siete contenti di
189	BOR005	346.185	348.265	2.080	 abitare a bologna d[ella cit]tà in gener[ale]
190	BOI013	347.035	347.445	0.410	 [sì]
191	BOI013	348.120	349.030	0.910	 [s]ì sì sì sì
192	BOR005	349.605	351.445	1.840	 >quindi ecco< nonostante queste cose,
193	BOI013	351.445	352.425	0.980	 no no io::
194	BOI013	353.125	354.985	1.860	 preferisco bologna di altre città
195	BOR005	355.207	355.340	0.133	 mh
196	BOI012	355.765	357.995	2.230	 non ho mai abitato in altre città non posso dirlo
197	BOI013	358.655	361.695	3.040	 bah a me non mi piacerebbe abitare a roma [milano {P} torino]
198	BOI012	360.659	363.093	2.434	 [che ne sai io::] non ci so~ [non ci sono]
199	BOI013	362.255	363.495	1.240	 [città {P} troppo] grandi
200	BOI013	363.645	364.645	1.000	 [bologna] è::
201	BOR005	363.653	364.220	0.567	 [mh]
202	BOI013	364.895	366.875	1.980	 è una città più piccola:::
203	BOI013	367.075	368.985	1.910	 di n~ proprio::: in[contri]
204	BOI012	368.590	370.370	1.780	 [beh {P}] ma: [(è) l'id]ea gina ma
205	BOI013	369.310	369.750	0.440	 [sempre]
206	BOI013	370.400	371.300	0.900	 è l'ambi[ente]
207	BOI012	370.755	374.955	4.200	 [non hai un t]ermine di confronto >perché non ci sei< non ci sei [mai abit]ata di fatto,
208	BOI013	373.570	374.100	0.530	 [°certo°]
209	BOI012	375.235	376.115	0.880	 come fai a saperlo
210	BOI013	376.145	377.005	0.860	 ma si vedono
211	BOI013	377.235	379.845	2.610	 le città cioè:: milano è: il doppio di bologna
212	BOI012	380.655	381.365	0.710	 e allora?
213	BOI012	381.690	384.120	2.430	 ci <devi> >vivere per forza peggio< a milano che a bologna
214	BOI013	384.215	385.065	0.850	 è troppo grande
215	BOI013	385.590	386.610	1.020	 io preferisco bologna
216	BOI013	386.840	387.070	0.230	 boh
217	BOI012	387.520	389.330	1.810	 non [lo so °non] lo so° poi [magari]
218	BOR005	387.785	388.575	0.790	 [xxx]
219	BOI013	388.640	389.790	1.150	 [xxx] {ride}
220	BOI012	389.975	392.725	2.750	 non lo so non ho mai abitato da: altre parti [quindi]
221	BOR005	392.353	392.793	0.440	 [mh]
222	BOR005	393.530	395.000	1.470	 vabbè tu vieni da fuori bologna
223	BOI012	395.775	398.867	3.092	 io prima >abitavo a pianoro ma ero:< sempre a bologna °co[munque] cioè°
224	BOR005	398.166	398.499	0.333	 [mh]
225	BOR005	399.905	400.155	0.250	 e
226	BOR005	400.520	402.510	1.990	 rispetto {P} >cioè quindi prima a pianoro<
227	BOR005	402.580	404.380	1.800	 comunque immagino >sia un< {P} piccolo comune
228	BOI012	404.695	406.945	2.250	 beh (in)somma:: piccolo neanche tanto (in)somma::
229	BOI012	407.110	408.030	0.920	 è un bel comune
230	BOI012	408.720	410.760	2.040	 >abbastanza grandino< c'avrà:: non so
231	BOI012	411.900	413.910	2.010	 quarantaci:nque, cinquantamila abitanti
232	BOR005	414.360	415.790	1.430	 >pero' beh sempre più piccolo< di bologna
233	BOI012	415.805	417.425	1.620	 >ah beh< sicu:ro beh certo
234	BOI012	417.615	418.105	0.490	 certo
235	BOR005	418.390	418.600	0.210	 mh
236	BOR005	419.755	420.065	0.310	 e
237	BOR005	420.210	420.780	0.570	 m::h
238	BOR005	421.705	423.165	1.460	 secondo voi vedendo:
239	BOR005	423.275	425.335	2.060	 mh soprattutto tu gina che hai detto >che comunque<
240	BOR005	425.665	427.255	1.590	 ti capita di stare in centro
241	BOR005	427.440	430.840	3.400	 vi sembra che {P} i giovani di oggi {P} vivano la città
242	BOR005	431.220	433.780	2.560	 nello stesso modo in cui lo vivevate voi da giovani?
243	BOI013	434.340	435.570	1.230	 a::h io que[sto non lo so]
244	BOI012	434.960	439.460	4.500	 [non lo s]o sai: i giovani::: io coi giovani non ho dei gran c[ontatti (molto)]
245	BOI013	438.515	439.485	0.970	 [>non non< non lo so]
246	BOI012	440.615	442.555	1.940	 [non mh lo] so cosa fanno i giovani {P} adesso
247	BOI013	440.635	441.185	0.550	 [xx]
248	BOR005	443.365	443.725	0.360	 ma
249	BOR005	444.075	444.555	0.480	 al mh
250	BOR005	445.055	449.055	4.000	 un'idea in generale che potreste ave:re che potrebbe venirvi in mente?
251	BOR005	449.585	451.205	1.620	 pensando un po' in generale ai giovani
252	BOI013	452.840	453.380	0.540	 boh
253	BOI013	454.350	456.820	2.470	 forse: prima:::: °le >boh non lo so<°
254	BOI013	457.505	460.295	2.790	 adesso si:: si ritro~ si ritrovano di più
255	BOI013	461.060	463.630	2.570	 nelle discoteche, [nei cir]coli, nel e::h
256	BOR005	462.090	462.520	0.430	 [mhmh]
257	BOI013	464.195	466.415	2.220	 nei vari gruppi, prima:::
258	BOI013	467.145	469.915	2.770	 anche l'ultimo dell'anno te lo facevi in piazza maggiore >senza<
259	BOI013	470.320	471.950	1.630	 senza nessun problema MO
260	BOI013	472.080	474.200	2.120	 andare l'ultimo dell'anno in piazza maggiore
261	BOI013	474.550	475.780	1.230	 è: come rischiare
262	BOI013	476.185	477.255	1.070	 °ci: noi ci siamo andati°
263	BOI013	478.320	479.610	1.290	 tis~ ti ricordi ve
264	BOI012	480.360	482.050	1.690	 a:h gina cioè io: non c~
265	BOI012	482.295	486.705	4.410	 non son mai andato all'ultimo dell'anno in piazza maggiore cioè ho cominciato a andarci da quando::
266	BOR005	484.825	485.300	0.475	 {ride}
267	BOI012	487.085	491.405	4.320	 stiamo as~ stiamo a[ssieme {P} >perché prima<] non si andava >l'ultimo dell'anno in piazza maggi[ore<]
268	BOI013	488.130	488.895	0.765	 [eh eh eh]
269	BOI013	491.250	493.060	1.810	 [e c]om'era l'ultimo che ci siamo andati
270	BOI012	493.585	496.285	2.700	 ma c'era (u)na gran confusione ma si sa è logico
271	BOI013	496.305	497.275	0.970	 bottiglie,
272	BOI013	499.970	500.820	0.850	 per terra,
273	BOI013	501.205	505.365	4.160	 macchine bruciate, questo: in via sant'isaia te lo ricordi no io
274	BOI012	506.255	507.885	1.630	 (la) macchina che bruciava non me la ric[ordo]
275	BOI013	507.625	509.915	2.290	 [ah] io invece sì perché io mi son presa paura,
276	BOR005	511.060	512.289	1.229	 ah c'era una macchina bruciata?
277	BOI013	512.395	512.815	0.420	 sì
278	BOI013	514.804	518.183	3.379	 e >non so come facevano a andare< in piazza maggiore con dei bambini {P} sulle spalle
279	BOI012	520.025	524.225	4.200	 e::::h cioè è (u)na piazza >cioè voglio dire< ci puoi andare con chi vuoi {ride}
280	BOI012	525.015	525.305	0.290	 cioè
281	BOR005	527.080	527.690	0.610	 invece
282	BOR005	528.585	533.195	4.610	 visto che parliamo di bologna, u:h una cosa molto tipica di bologna sono i portici
283	BOR005	533.825	534.155	0.330	 e
284	BOR005	534.760	538.485	3.725	 voi avete in mente un qualche aneddoto particolare: di un
285	BOR005	538.605	540.305	1.700	 qualcosa un'esperienza::
286	BOR005	540.605	544.150	3.545	 che vi ricordate, che vi è accaduta legata i portici::
287	BOR005	544.210	546.480	2.270	 non {P} >magari mentre vi< passeggiava:te
288	BOR005	547.965	551.445	3.480	 alle scritte, che ci sono scritte:: su:: i muri,
289	BOI013	551.925	552.905	0.980	 i murales
290	BOR005	553.215	553.475	0.260	 mh
291	BOI013	553.995	556.045	2.050	 [che ci] sono {P} in alcuni portici
292	BOI012	554.070	554.360	0.290	 [no]
293	BOI012	556.130	560.010	3.880	 niente di particolare [a parte la] gente che si fermava a suonare sotto i portici::
294	BOI013	556.910	557.620	0.710	 [di bologna]
295	BOR005	560.010	560.350	0.340	 a:h
296	BOI012	560.575	561.375	0.800	 in centro::
297	BOI013	563.320	566.000	2.680	 >ci sono delle z~< oppure ci sono dei murales adesso
298	BOI013	566.570	568.370	1.800	 hanno il coso di fare i murales
299	BOI012	568.810	569.990	1.180	 in centro sotto i port[ici]
300	BOI013	569.820	571.010	1.190	 [ci s]ono [dei {P} sì so~]
301	BOI012	570.225	571.135	0.910	 [non li ho mai vis]ti
302	BOI013	571.190	571.710	0.520	 sì sì
303	BOR005	571.730	571.850	0.120	 mh
304	BOI013	572.240	574.460	2.220	 [>verso< verso] la pela::: il centro::
305	BOI012	572.250	572.990	0.740	 [non c'ho fatto caso]
306	BOI013	574.870	577.170	2.300	 più:::: più: verso il centro storico e:h
307	BOI013	577.390	578.040	0.650	 ci sono
308	BOR005	578.295	578.635	0.340	 mhmh
309	BOR005	579.485	580.145	0.660	 ma::
310	BOR005	580.505	582.225	1.720	 questi musicisti in che:::
311	BOR005	582.715	584.155	1.440	 in che zona erano del cen[tro]
312	BOI012	583.925	587.005	3.080	 [in c]entro {P} >proprio in c[entro< nell]e zone: via rizzoli::,
313	BOR005	584.945	585.615	0.670	 [a::h °okay°]
314	BOI012	587.345	589.115	1.770	 nei portici >proprio< quelli centrali
315	BOI012	589.960	592.720	2.760	 portico:: sì del il pavaglione, quelli::
316	BOI012	593.370	596.870	3.500	 >proprio< in centro in centro in >[centro in centro< storico] indipendenza, esatto
317	BOI013	594.350	595.750	1.400	 [via indipendenza,]
318	BOR005	597.040	598.590	1.550	 anche a te è capitato di suonarci?
319	BOI012	599.665	602.865	3.200	 m::h a me >è capitato< di suonarci sì >qua~< qualche volta ma::
320	BOR005	603.045	603.975	0.930	 ah beh allora
321	BOR005	605.470	607.500	2.030	 magari hai anche raccimolato qualche soldo
322	BOI012	607.925	608.585	0.660	 poca roba
323	BOR005	608.685	609.215	0.530	 {ride}
324	BOI012	609.015	609.335	0.320	 {ride}
325	BOR005	610.175	612.125	1.950	 {ride}
326	BOR005	612.150	612.580	0.430	 vabbè
327	BOR005	613.040	613.640	0.600	 {ride}
328	BOR005	615.210	615.950	0.740	 beh insomma
329	BOR005	616.030	616.590	0.560	 almeno
330	BOR005	616.890	618.890	2.000	 hai suonato sotto i portici poco non è
331	BOI012	619.150	619.830	0.680	 eh sì eh
332	BOI012	620.320	622.150	1.830	 in piazza, maggiore, anche avo[glia]
333	BOR005	621.955	622.145	0.190	 [ah]
334	BOI013	622.680	623.740	1.060	 beppe maniglia
335	BOI013	623.970	624.560	0.590	 {ride}
336	BOI012	625.485	625.695	0.210	 eh
337	BOR005	626.510	630.850	4.340	 che poi adesso i portici sono diventati:: [patrimonio:] esatto {P} patrimonio dell'umanità
338	BOI013	628.300	629.170	0.870	 [dell'unesco]
339	BOR005	631.390	632.930	1.540	 invece {P} vi ricordate
340	BOR005	633.130	635.660	2.530	 qual è stata la prima volta che siete stati a <san luca>?
341	BOI012	637.085	637.975	0.890	 ba::h io n[on mi ric~]
342	BOI013	637.635	639.225	1.590	 [AH io] sì: {P} con mio padre
343	BOI012	639.320	641.810	2.490	 mh bambino, anch'io, da piccolo [con i miei genitori]
344	BOI013	641.060	642.810	1.750	 [era la class]ica passeggiata
345	BOI013	642.990	644.250	1.260	 fatta da via agucchi
346	BOI013	644.780	648.490	3.710	 >tutt~< e::h da via agucchi fino a tutti i portici >ci ha fatto fare a piedi mio padre<
347	BOR005	648.515	649.215	0.700	 ah pero'
348	BOI013	649.375	649.775	0.400	 seh
349	BOI013	649.905	651.485	1.580	 pero' è vicino è vicino
350	BOI012	652.245	657.865	5.620	 ci son stato::: >sì una mari~< una miriade >di volte prima volta< da bambino:: c[oi miei g]enitori:: cioè
351	BOR005	656.475	656.905	0.430	 [mhmh]
352	BOI013	659.135	660.025	0.890	 bello san luca
353	BOR005	660.770	662.490	1.720	 e siete sempre andati su a piedi
354	BOI012	662.495	664.195	1.700	 no: >io son stato su anche in funivia<
355	BOR005	664.570	664.920	0.350	 a:h
356	BOI013	664.955	665.805	0.850	 no sempre a pi[edi]
357	BOR005	665.625	666.585	0.960	 [ah] c'era la funiv[ia]
358	BOI012	666.480	666.930	0.450	 [sì]
359	BOI012	667.915	668.195	0.280	 sì
360	BOR005	668.285	669.035	0.750	 quanti anni fa?
361	BOI012	669.180	669.760	0.580	 e:h uff
362	BOI012	670.450	672.000	1.550	 anni e anni fa: non so
363	BOI012	672.555	675.195	2.640	 quaranta, o cinquant'anni fa, forse [cinquan]ta,
364	BOI013	674.505	675.085	0.580	 [NO::]
365	BOI013	675.565	677.795	2.230	 <federico ci è andato con la funivia>
366	BOI012	678.620	680.340	1.720	 ma: quarant'anni fa gina:: uff
367	BOI012	680.630	682.380	1.750	 sarà una quarantina d'anni >che l'han °tolt°~<
368	BOI012	682.705	683.585	0.880	 adesso non ho:
369	BOI012	684.030	684.870	0.840	 bene::
370	BOI013	684.875	686.505	1.630	 no qualcosa c[i doveva essere]
371	BOI012	685.570	687.930	2.360	 [contezza del t]empo ma:: quello è
372	BOR005	688.720	691.230	2.510	 ma: questa funivia cioè da: m:h da dove partiva
373	BOI012	691.240	696.130	4.890	 partiva {P} da::::: da:: >come si chiama< via {P} porrettana? [>mi sembra?<]
374	BOR005	695.565	695.965	0.400	 [mhmh]
375	BOI012	696.875	698.275	1.400	 di: dopo lo stadio no
376	BOR005	698.585	698.935	0.350	 okay?
377	BOI012	699.290	700.490	1.200	 >cioè< proprio:::
378	BOI012	700.745	703.255	2.510	 >c'era la stazione della funivia e andava su< f[ino a san l]uca
379	BOR005	702.710	703.020	0.310	 [mhmh]
380	BOR005	703.900	705.300	1.400	 >e anche< {P} tu l'hai [presa mai?]
381	BOI013	704.720	705.270	0.550	 [>no no no °no°<]
382	BOR005	706.140	707.790	1.650	 >pero' sapevi dell'esistenza della f[univia?<]
383	BOI013	707.415	708.435	1.020	 [sì {P}] >sì sì sì<
384	BOI013	708.850	710.310	1.460	 >vabbè< sempre a piedi °sono andata°
385	BOR005	710.425	710.715	0.290	 {ride}
386	BOI012	710.950	712.200	1.250	 ma:: sì ma è:: °s~°
387	BOI012	712.955	714.515	1.560	 è un sacco di tempo che non c'è più
388	BOR005	714.520	714.910	0.390	 a::h
389	BOI012	714.970	716.930	1.960	 >ci son stato proprio da:: da< piccolo {P} cioè
390	BOR005	718.025	719.985	1.960	 e {P} avete un ricordo::
391	BOR005	720.155	722.685	2.530	 particolare legato:: a san luca?
392	BOR005	723.090	724.370	1.280	 un'esperienza
393	BOR005	724.675	726.855	2.180	 di cui vi ricordate particolarmente
394	BOI012	729.735	730.405	0.670	 a san luca
395	BOI013	732.260	734.090	1.830	 >che ci sono andata con don stefano io<
396	BOI013	735.420	736.150	0.730	 il mio parroco
397	BOI012	738.560	741.190	2.630	 no: io mi ricordo: mi ricordo:: com'è
398	BOI012	741.400	743.140	1.740	 la basilica, dentro, ma: non
399	BOI012	744.305	745.565	1.260	 >cioè< in particolare no
400	BOI012	745.805	747.125	1.320	 non esperienze particolari no {P} cioè
401	BOR005	748.125	750.735	2.610	 chi era di voi due che non voleva andarci prima de[l matri]monio {ride}
402	BOI013	750.015	750.335	0.320	 [io]
403	BOI012	751.020	751.730	0.710	 a:h la gina
404	BOI012	752.010	753.290	1.280	 sì perché c'è: una::
405	BOI012	753.920	755.370	1.450	 c'è una vecchi[a:::]
406	BOI013	755.135	755.885	0.750	 [un] detto
407	BOI012	756.215	759.970	3.755	 >c'è un vecchio detto bolognese che se due fidanzati vanno a san luca< prima di sposarsi
408	BOI012	760.405	761.350	0.945	 poi non si sposano
409	BOR005	761.745	762.265	0.520	 a::h
410	BOR005	762.375	763.125	0.750	 non l[o sap]evo
411	BOI012	762.690	763.060	0.370	 [sì]
412	BOI013	763.170	763.670	0.500	 vedi?
413	BOI012	764.105	768.290	4.185	 un po' come i laureandi: >(non) devono andare sulla torre degli asinelli (se no) non si laureano<
414	BOR005	767.320	767.690	0.370	 {ride}
415	BOI012	768.625	770.355	1.730	 sono quelle vecchie:[°::°]
416	BOR005	769.835	772.215	2.380	 [o di attraver]sare piazza maggiore per diagonale
417	BOI012	772.230	774.110	1.880	 sì ma sono::: [come di]re
418	BOI013	773.255	773.875	0.620	 [ah sì?]
419	BOI013	774.370	775.080	0.710	 >non lo sa[pevo mi~<]
420	BOI012	774.735	777.965	3.230	 [sai qu]ante volte l'ho attraversata, per diagonale, piazza maggiore, °io°
421	BOI013	778.615	780.325	1.710	 ma mica ti dovevi laureare tu
422	BOI012	778.650	779.205	0.555	 {ride}
423	BOI012	781.010	784.545	3.535	 sì:: ma vabbè >ma infatti non mi son laureato< ma non credo che sia per quello
424	BOI013	784.385	785.765	1.380	 {ride}
425	BOI012	786.825	787.395	0.570	 {ride}
426	BOI013	787.480	788.400	0.920	 °perché sei ciuccio°
427	BOI012	788.480	789.400	0.920	 {ride}
428	BOI013	794.160	794.710	0.550	 oh {ride}
429	BOI013	796.205	796.905	0.700	 #eh beh che bo'
430	BOI012	797.515	798.225	0.710	 (°>tu hai visto<°)
431	BOR005	798.610	799.060	0.450	 #che bo'
432	BOI013	799.185	799.625	0.440	 #>ch[e bo']<
433	BOI012	799.345	800.685	1.340	 [>sto<] sto ridendo::
434	BOR005	803.585	804.055	0.470	 quindi
435	BOR005	804.835	808.145	3.310	 >quindi< {P} cioè soprattutto tu a san luca ci sei andato parecchie volte
436	BOI012	808.180	809.170	0.990	 eh {P} avoglia
437	BOI012	809.385	809.685	0.300	 sì
438	BOR005	810.460	813.160	2.700	 >ma c'andavi di più con la famiglia:, con gli amici:,< con gi[na::,]
439	BOI012	812.905	815.205	2.300	 [son sta]to <con> la famiglia da ba[mbino,]
440	BOI013	814.670	816.450	1.780	 [no con me] due v[olte e basta]
441	BOI012	815.605	819.385	3.780	 [con gina: un] paio di volte perché: così >proprio< <per>ché
442	BOI012	819.700	820.410	0.710	 per m:h
443	BOI012	820.895	824.965	4.070	 m:::h non so: neanche, >poi con gli amici< quando: >andavamo su noi< c'era un'osteria lì,
444	BOI012	825.490	826.860	1.370	 a san luca proprio::
445	BOR005	827.325	827.855	0.530	 da [vi]to?
446	BOI012	827.440	827.620	0.180	 [s~]
447	BOI012	828.135	831.495	3.360	 sotto san luca >non mi rico~< no vito:: era un altro posto che era
448	BOI012	832.115	833.455	1.340	 vicino al sant'orsola
449	BOI012	833.955	835.655	1.700	 >non mi ricordo come si chiamava l'osteria< lì
450	BOR005	835.875	836.140	0.265	 [mhmh]
451	BOI012	835.895	838.165	2.270	 [pero'] c'era un mh posto >che facevano< panini,
452	BOI012	838.345	839.585	1.240	 si beveva la birra::,
453	BOI012	839.875	841.285	1.410	 >e un sacco di sere andavamo su<
454	BOR005	841.750	843.700	1.950	 ma era >proprio< di fronte a san l[uca °o:::°]
455	BOI012	843.125	844.585	1.460	 [SÌ {P} s]otto san luca >°proprio°<
456	BOI012	844.825	846.025	1.200	 nella strada >proprio::<
457	BOI012	846.455	848.335	1.880	 davanti al piazzale praticame[°nte°]
458	BOR005	848.105	848.785	0.680	 [ah o]kay
459	BOR005	849.295	849.565	0.270	 [x]
460	BOI012	849.315	851.335	2.020	 [no]n so se c'è ancora perché io che non ci vado
461	BOI012	851.925	852.665	0.740	 saran e:h
462	BOI012	853.545	855.215	1.670	 dieci, quindic'anni, forse venti
463	BOI012	856.040	857.170	1.130	 >che non vado su a san luca<
464	BOR005	857.575	859.125	1.550	 e ti piacerebbe ritornarci?
465	BOI012	859.290	860.690	1.400	 ma sì sì a:::h
466	BOR005	861.400	861.960	0.560	 a te gi[na]
467	BOI012	861.860	863.280	1.420	 [a]vendo un po' di tempo sì
468	BOI013	864.780	866.060	1.280	 >tanto< xxx >non è che<
469	BOI013	866.750	867.580	0.830	 è sempre uguale
470	BOI013	867.945	869.295	1.350	 >(u)na volta che l'hai vista (u)na volta,<
471	BOI012	870.175	872.975	2.800	 beh pero' dai è >una bella passeggiata ti fai tutto il portico,<
472	BOI012	873.120	873.510	0.390	 da giù
473	BOI012	874.365	877.795	3.430	 se ti fai il portico da saragozza >arrivare su quando arrivi giù hai fatto un po' di< allenamento
474	BOI013	877.900	879.550	1.650	 >sì sì< ci vuol l'ambulanza per me
475	BOR005	879.915	881.595	1.680	 {ride} (levi) ambulanza [anzi]
476	BOI013	881.205	883.115	1.910	 [(levi)] ambula~ {ride}
477	BOR005	885.285	886.245	0.960	 >e poi da lì c'è: anche<
478	BOR005	886.350	891.290	4.940	 da {P} diciamo dal {P} di lato:: c'è anche tutta la vista, su:: [tutta <bologna>]
479	BOI013	890.115	890.975	0.860	 [>no è bella<]
480	BOI012	890.860	891.670	0.810	 [sì {P}] sì sì
481	BOR005	891.830	893.140	1.310	 >che si vede anche l'aeroport[o],<
482	BOI013	892.950	893.350	0.400	 [s][ì]
483	BOI012	893.170	895.390	2.220	 [anche] lo sta~ lo::: lo stadio, vedi sì
484	BOR005	897.420	898.010	0.590	 e::
485	BOI012	898.685	900.905	2.220	 beh {P} si chiama colle dell'osservanza per quello eh
486	BOR005	901.370	903.820	2.450	 a:h {P} non sapevo si chiamasse colle dell'osser[vanza]
487	BOI012	903.485	905.735	2.250	 [>guarda ch]e< {P} da:: san luca {P} sopra
488	BOI012	906.040	907.100	1.060	 >c'è il camminamento,<
489	BOR005	907.270	907.620	0.350	 sì:
490	BOI012	907.735	910.705	2.970	 vedi::: vedi un territorio: sterminato
491	BOI012	911.230	912.020	0.790	 >infatti tu<
492	BOI012	912.305	915.285	2.980	 >quando arrivi: nei dintorni di bologna san luca è la prima cosa che vedi<
493	BOR005	915.425	915.795	0.370	 mhmh
494	BOI012	916.310	918.740	2.430	 in autostrada:, tangenziale, >si vede da<
495	BOI012	919.025	920.245	1.220	 da un sacco di:: di pa~
496	BOI012	920.365	921.925	1.560	 >anche da qua si vede san luca eh<
497	BOI013	922.255	923.865	1.610	 >da dove giri giri< san l[uca lo ve~]
498	BOI012	923.413	924.679	1.266	 [da qua s]i vede san luc[a °eh°]
499	BOI013	924.480	928.620	4.140	 [a b]ologna lo vedi sempre >da da< da qualsiasi parte tu arrivi san luca ti saluta
500	BOR005	928.620	929.100	0.480	 mhmh
501	BOI012	929.320	929.620	0.300	 sì
502	BOI012	929.907	930.503	0.596	 da qua si vede
503	BOI013	930.543	931.112	0.569	 dicono
504	BOI012	931.182	932.613	1.431	 dopo quando:: usciamo
505	BOI012	933.229	934.321	1.092	 >te lo< te lo faccio notare
506	BOR005	934.917	935.247	0.330	 e
507	BOR005	936.094	939.911	3.817	 parlando d~ sia dei portici di san lu~ >di san luca< che i portici in generale:
508	BOR005	940.477	944.472	3.995	 credete che siano cambiati negli anni:? in meglio in peggio mh
509	BOI012	944.911	949.452	4.541	 BEH un po' di <degrado> sì c'è stato pero': u:hm >bene o male son sempre::<
510	BOI012	950.387	953.718	3.331	 >cioè la gente ci ha sempre< tenuto abbastanza [di]etro insomma cioè
511	BOR005	952.452	952.700	0.248	 [°ah°]
512	BOR005	953.824	955.640	1.816	 quindi {P} <non> troppo degrado
513	BOI012	955.649	956.585	0.936	 no: no no
514	BOR005	956.773	957.480	0.707	 anche secondo te
515	BOI012	957.485	960.540	3.055	 il portico di san luca quantomeno no >cioè< {P} sicuramente
516	BOI012	961.207	965.134	3.927	 è::: molto vecchio e andrà:: ci saranno <le ristrutturazioni>
517	BOI012	966.136	967.806	1.670	 da fare del caso::,
518	BOI012	968.224	969.710	1.486	 nei vari momenti ma
519	BOI012	970.966	974.140	3.174	 non mi sembra che sia:: tenuta male o: cose >capito<
520	BOI012	975.000	978.146	3.146	 c'è la parte bassa >dove ci sono i negozi ci sono i negozianti che ci tengon dietro,<
521	BOR005	978.150	978.361	0.211	 mh
522	BOI012	979.010	980.423	1.413	 e su la parte [>ah per esempio su:<]
523	BOI013	979.595	980.834	1.239	 [e poi anche perché] da giù
524	BOI012	981.065	983.083	2.018	 >ti ripeto comunque< io sono [anni che n]on ci va[do]
525	BOI013	981.875	982.462	0.587	 [che poi]
526	BOI013	982.979	986.273	3.294	 [da]lla pa~ da::: da san luca non vie~ viene giù anche la madonna,
527	BOI013	986.586	988.476	1.890	 percio' tutti:: i negozianti
528	BOI013	988.624	990.247	1.623	 ci tengono a [tenere in ordine]
529	BOI012	989.268	990.809	1.541	 [sì:: sì sì °vabbè°] [eh eh]
530	BOI013	990.676	993.242	2.566	 [perché] la madonna viene da ma~ quando a maggio?
531	BOI012	993.299	995.245	1.946	 °m:h° un bel portico quello lì s[ì]
532	BOI013	995.101	997.102	2.001	 [ch]e poi dicono che quando viene GIÙ
533	BOI013	998.051	1000.363	2.312	 piange perché non vuol lasciar[e::]
534	BOR005	999.913	1000.298	0.385	 [mhmh]
535	BOI013	1000.905	1004.180	3.275	 la:: la ca~ lì:: a san luca e quando: torna su,
536	BOI013	1004.915	1006.808	1.893	 pio~ piange e piove
537	BOI013	1006.922	1009.894	2.972	 perché non vuol lasciare i::: cittadini di bologna
538	BOI013	1010.116	1010.602	0.486	 dicono
539	BOI013	1010.947	1012.543	1.596	 pero' piove lo st~ davvero piove
540	BOI012	1012.708	1013.699	0.991	 sì sì è vero °(in)so[mma°]
541	BOI013	1013.519	1015.345	1.826	 [quat]tro gocce ma li fa [sempre]
542	BOI012	1014.745	1018.773	4.028	 [quella è un'altr]a vecchia storia di bologna che >quando s[i muove] la madonna di san luca piove<
543	BOR005	1017.086	1017.361	0.275	 [mh]
544	BOR005	1019.179	1019.886	0.707	 a::h
545	BOR005	1020.006	1021.116	1.110	 <interessante>
546	BOI013	1021.143	1021.822	0.679	 a maggio
547	BOR005	1023.351	1024.471	1.120	 inizio fine me[tà]
548	BOI013	1024.285	1026.038	1.753	 [è l]a madonna scura poi
549	BOI012	1026.605	1026.843	0.238	 sì
550	BOI013	1027.002	1028.790	1.788	 >se tu vedi la madonna di san lu[ca,<]
551	BOR005	1028.452	1028.781	0.329	 [m]hmh
552	BOI013	1028.874	1030.076	1.202	 è scura in faccia
553	BOI012	1031.339	1033.680	2.341	 sì l'icona è scura {P} la ritrae °come::°
554	BOI012	1034.857	1035.472	0.615	 °scura°
555	BOR005	1036.804	1037.703	0.899	 che poi::
556	BOR005	1038.170	1041.693	3.523	 pensandoci a >cioè< a bologna {P} i portici sono dappertutto
557	BOI012	1041.702	1041.923	0.221	 sì
558	BOR005	1042.574	1045.876	3.302	 e {P} quando: {P} vi capita di andare {P} in altre città,
559	BOR005	1046.221	1047.872	1.651	 che effetto fa non vederli
560	BOI012	1048.368	1052.545	4.177	 beh è: >comunque in emilia romagna< tutte le città hanno dei portici nei centri storici eh
561	BOI012	1053.120	1055.396	2.276	 non come bologna ma tutte le città li hanno
562	BOR005	1055.483	1055.841	0.358	 sì?
563	BOI013	1055.935	1058.340	2.405	 >beh ci[oè enr~<] siamo andati a roma i portici non c'erano
564	BOI012	1056.083	1056.477	0.394	 [sì:]
565	BOI012	1058.344	1058.941	0.597	 roma
566	BOI012	1059.074	1062.129	3.055	 io sto parlando d[ell'emilia romagna {P}] le città qua attorno
567	BOI013	1059.832	1060.928	1.096	 [xxx]
568	BOI012	1062.593	1064.732	2.139	 a ferrara i >portici ci sono,< a
569	BOI012	1064.982	1067.067	2.085	 a parma i >portici ci sono,<
570	BOI012	1067.297	1069.893	2.596	 a piacenza i >portici ci< sono, {P} cioè
571	BOI012	1070.096	1072.936	2.840	 non come qui ma:: i: in tutte le città dell'emi[lia]
572	BOR005	1072.601	1072.920	0.319	 [mh]
573	BOI013	1073.325	1075.585	2.260	 risparmi gli ombrelli {P} [c]on i [°portici°]
574	BOR005	1074.570	1074.857	0.287	 [°mhmh°]
575	BOI012	1075.177	1076.698	1.521	 [sì] sì assolutamente sì
576	BOR005	1076.953	1078.953	2.000	 e infatti quando: >ecco quando capita:<
577	BOR005	1079.102	1079.687	0.585	 >di andare<
578	BOR005	1079.767	1084.661	4.894	 fuori >appunto dall'emilia romagna che non ha< i portici non fa un po' strano >soprattutto quando piove<?
579	BOI012	1084.805	1086.273	1.468	 sì: °beh° {P} quando piove
580	BOI013	1086.314	1088.048	1.734	 >sì perché< è talmente io non >compro<
581	BOI012	1088.072	1089.952	1.880	 (a) torre melissa non ci sono i portici
582	BOR005	1090.054	1090.990	0.936	 {ride}
583	BOI013	1090.825	1091.580	0.755	 pero' c'è il mare
584	BOI012	1091.846	1092.538	0.692	 e non piove
585	BOI013	1093.468	1095.372	1.904	 no piove più a >torre melissa che a b[ologna<]
586	BOI012	1094.798	1096.447	1.649	 [quando piove] o::h ci son gli uragani
587	BOI013	1096.452	1097.952	1.500	 {ride}
588	BOR005	1098.243	1099.126	0.883	 e le valanghe
589	BOI013	1099.219	1100.492	1.273	 e valanghe che vengono giù
590	BOR005	1100.886	1101.195	0.309	 >mhmh<
591	BOR005	1102.664	1107.008	4.344	 che poi adesso che raccontavate un po' di queste <storie>, di queste leggende,
592	BOR005	1107.434	1112.264	4.830	 per caso voi sapete qual è {P} l'origine dei portici qual è: il loro scopo::
593	BOI012	1113.461	1114.780	1.319	 l'origine dei portici
594	BOR005	1115.056	1115.461	0.405	 sì
595	BOR005	1115.944	1117.678	1.734	 se lo sapete eh se [no::]
596	BOI013	1117.446	1120.084	2.638	 [no~] non dovevano difendere la città di bologna
597	BOI012	1120.440	1121.727	1.287	 no: i portici no
598	BOI012	1121.775	1123.169	1.394	 eh c'eran le mura, attorno,
599	BOI013	1123.555	1124.321	0.766	 °sai che non lo so°
600	BOR005	1125.654	1131.218	5.564	 >ma magari< provate a immaginare secondo voi quale potrebbe essere lo scopo l'origine di questi portici
601	BOI012	1131.728	1135.228	3.500	 no: per camminare in maniera protetta >e di< e: non essere in mezzo
602	BOI012	1135.486	1138.529	3.043	 alla strada >quando c'erano i cavalli<, e i carri quelle cose lì
603	BOR005	1138.635	1138.890	0.255	 mh
604	BOR005	1139.758	1140.992	1.234	 anche secondo te gina
605	BOI013	1141.035	1142.705	1.670	 penso di sì <non> >c'ho mai pensa°to°<
606	BOI012	1143.822	1148.152	4.330	 per eh ci >dividere praticamente< la gente a piedi da: dal traffico:,
607	BOI012	1148.850	1150.786	1.936	 coi carri, gli animali, quelle cose lì
608	BOR005	1151.499	1154.063	2.564	 e secondo voi a che periodo risalgono i portici
609	BOI012	1154.600	1157.600	3.000	 a::h da quando han fatto bologna li han fatti i portici
610	BOR005	1159.145	1160.006	0.861	 quindi più o meno?
611	BOI012	1160.537	1162.760	2.223	 A:::H millequattrocento m::h
612	BOI012	1163.057	1164.281	1.224	 milletrecento,
613	BOR005	1164.495	1164.700	0.205	 {ride}
614	BOI013	1165.479	1166.202	0.723	 penso di sì
615	BOR005	1166.277	1166.660	0.383	 {ride}
616	BOI013	1167.059	1169.303	2.244	 °>ma questo mo c'ho me~<° sì >i portici sono i più<
617	BOI013	1169.610	1171.408	1.798	 è come l'università che sono::
618	BOI013	1171.686	1173.516	1.830	 è l'unis~ ~versità più:::
619	BOI013	1174.679	1177.583	2.904	 più vecchia del e:::h de:::: [non è la:]
620	BOI012	1176.929	1177.599	0.670	 [d'europa]
621	BOI013	1177.781	1178.479	0.698	 d'europa
622	BOI012	1178.576	1179.012	0.436	 mhmh
623	BOI013	1179.438	1181.513	2.075	 >°eh va~° che pe~ penso che< anche i portici
624	BOI013	1181.821	1183.332	1.511	 siano nati con bologna
625	BOI012	1183.601	1186.165	2.564	 sì: be:::h è nata che:: è (u)na città fatta così
626	BOR005	1186.743	1187.009	0.266	 mh
627	BOR005	1188.601	1191.960	3.359	 invece {P} parlando un attimo tralasciando bologna
628	BOR005	1192.172	1193.598	1.426	 parliamo un attimo di voi
629	BOR005	1194.756	1196.267	1.511	 così per conoscerci
630	BOR005	1196.488	1196.860	0.372	 {ride}
631	BOR005	1197.045	1198.236	1.191	 che lavoro fate?
632	BOI012	1199.999	1201.510	1.511	 >io faccio l'operaio metalmeccanico<
633	BOR005	1201.526	1201.834	0.308	 mhmh
634	BOI013	1202.283	1202.751	0.468	 io
635	BOI013	1203.101	1203.707	0.606	 lavoro
636	BOI013	1203.957	1205.702	1.745	 os in una struttura
637	BOR005	1205.807	1206.893	1.086	 e da quanto tempo
638	BOI013	1207.261	1207.559	0.298	 mh
639	BOI013	1207.879	1209.187	1.308	 trentasei anni io
640	BOI012	1209.674	1212.482	2.808	 >io l'operaio metalmeccanico< lo faccio da:::
641	BOI012	1212.557	1214.461	1.904	 <ventisei> anni >ventisette anni<
642	BOI012	1215.001	1216.427	1.426	 e prima ero operaio edile
643	BOR005	1216.624	1216.975	0.351	 mhmh
644	BOI012	1217.763	1218.327	0.564	 sempre::
645	BOI012	1218.825	1219.123	0.298	 °così°
646	BOI012	1219.476	1220.210	0.734	 °(o)peraio {P} comunque°
647	BOR005	1220.672	1222.703	2.031	 >e in< cosa consiste il vostro lavoro
648	BOI012	1222.890	1224.347	1.457	 p~ ah io monto::
649	BOI012	1225.330	1228.511	3.181	 monto:: mh ultimamente monto delle forbici pneumatiche
650	BOI012	1229.186	1231.547	2.361	 per l'agricoltura >per la po[tatura dell'a]gricoltura<
651	BOR005	1230.486	1230.975	0.489	 [<mhmh>]
652	BOR005	1231.741	1232.209	0.468	 m::h
653	BOI012	1234.045	1236.066	2.021	 è già da un po' di tempo >°che faccio questo lavoro°<
654	BOI012	1237.183	1240.449	3.266	 comunque sì monto: monto macchine:: agricole per °e:h°
655	BOI012	1241.661	1245.278	3.617	 per la raccolta: delle olive, per la potatura: degli alberi, >quelle cose lì<
656	BOR005	1246.161	1247.618	1.457	 invece {P} il tuo lavoro [gina?]
657	BOI013	1247.333	1248.886	1.553	 [io {P}] aiuto infermiera
658	BOI013	1249.771	1251.005	1.234	 in una rsa
659	BOR005	1252.045	1252.300	0.255	 e
660	BOR005	1252.549	1254.208	1.659	 tu hai sempre fatto questo la[voro?]
661	BOI013	1253.708	1254.208	0.500	 [sì]
662	BOR005	1255.387	1257.513	2.126	 quindi prima non hai fatto altri lavori
663	BOI013	1258.396	1259.949	1.553	 ho fatto la scuola di infermiera
664	BOI013	1260.563	1261.244	0.681	 due anni
665	BOR005	1262.665	1263.324	0.659	 ehm
666	BOR005	1263.453	1264.815	1.362	 vi piacerebbe
667	BOR005	1264.989	1268.606	3.617	 continuare a fare questo lavoro se >cioè< se aveste la possibilità
668	BOI013	1268.978	1269.563	0.585	 no (i[o no)]
669	BOR005	1269.159	1270.457	1.298	 [cambier]este lavoro?
670	BOI013	1270.575	1272.213	1.638	 [io voglio andare in pensio~] {ride}
671	BOI012	1270.588	1273.386	2.798	 [io voglio andare in pensio]ne::::
672	BOR005	1272.409	1273.909	1.500	 {ride}
673	BOI012	1273.917	1276.215	2.298	 [<voglio an]dare in pen[sione basta io>]
674	BOI013	1273.925	1274.467	0.542	 [trenta]
675	BOI013	1275.201	1278.733	3.532	 [largo ai gio]vani::: lasciamo largo ai [giovani]
676	BOI012	1277.958	1281.235	3.277	 [ci vuole il t]urn around >come lo chiamano< i:: [in inglese]
677	BOI013	1280.522	1282.479	1.957	 [ma {P} ma i]l mio lav[oro dopo:]
678	BOI012	1281.689	1283.285	1.596	 [<ci vuol del ri]cambio:>
679	BOI013	1283.323	1285.873	2.550	 dopo i cinquantanni non è più possibile farlo
680	BOR005	1286.519	1286.838	0.319	 mh
681	BOI013	1287.038	1288.357	1.319	 non ci sei con la testa
682	BOI013	1288.995	1289.814	0.819	 m::h
683	BOR005	1290.460	1294.293	3.833	 quindi rispetto al >passato< {P} provi tanta fatica in più n[el fa]re il tuo lavo[ro]
684	BOI013	1293.181	1293.553	0.372	 [sì]
685	BOI012	1294.091	1295.045	0.954	 [si] [invecchia,]
686	BOI013	1294.105	1296.584	2.479	 [sì] {P} [perché è cambia][to anche l'uten]za
687	BOR005	1294.708	1295.283	0.575	 [anche tu]
688	BOI012	1295.285	1296.336	1.051	 [sì: si invecchia]
689	BOI012	1296.607	1297.968	1.361	 si invecchia si invecch[ia]
690	BOI013	1297.841	1300.384	2.543	 [ma] da me è cambiata >proprio< l'u[tenza ch]e entra
691	BOR005	1299.452	1299.888	0.436	 [cioè?]
692	BOI013	1300.990	1302.926	1.936	 adesso entrano persone: giovani
693	BOI013	1303.325	1304.452	1.127	 con malattie:,
694	BOI013	1304.838	1307.210	2.372	 v~ e:::h prima sconosciute,
695	BOI013	1307.717	1308.993	1.276	 tipo l'alzheimer,
696	BOI013	1309.407	1311.025	1.618	 tipo:: il parkinson,
697	BOI013	1311.209	1312.028	0.819	 persone:
698	BOI013	1312.400	1315.347	2.947	 che:: sono in fase terminale di malattie::
699	BOI013	1315.744	1320.276	4.532	 neo~ neoplastiche, prima entravano gli anziani, di c~ {P} novanta anni
700	BOI013	1320.751	1322.070	1.319	 adesso arrivano anche
701	BOI013	1322.345	1325.813	3.468	 persone di sessanta, cinquanta, quarantacinque anni,
702	BOI013	1326.154	1326.920	0.766	 in coma
703	BOI013	1327.135	1328.444	1.309	 >cioè che son più giovani di me<
704	BOI013	1329.204	1331.630	2.426	 cioè è cambiato: l'utenza molti pisi~
705	BOI013	1331.967	1334.041	2.074	 molte persone che hanno problemi::
706	BOI013	1334.298	1335.298	1.000	 psichiatrici
707	BOR005	1335.481	1335.992	0.511	 [mhmh]
708	BOI012	1335.543	1336.331	0.788	 [°ma sì:] via°
709	BOI013	1336.889	1339.569	2.680	 perché: son chiusi: o:: son chiusi i manicomi
710	BOI012	1337.197	1338.367	1.170	 {ride}
711	BOI013	1339.859	1340.837	0.978	 e noi [siamo::]
712	BOR005	1340.193	1340.821	0.628	 [a::h]
713	BOR005	1341.256	1341.777	0.521	 [>e quindi<]
714	BOI013	1341.290	1342.673	1.383	 [>noi dobbiam< {P}] prendere tutto
715	BOI013	1343.595	1346.191	2.596	 che essendo un'rsa noi dobbiamo prendere tutto
716	BOI013	1347.298	1348.745	1.447	 quello che passa il convento
717	BOI013	1349.948	1351.224	1.276	 essendo una struttura
718	BOI013	1351.480	1353.161	1.681	 non pro~ non e::h
719	BOI013	1353.769	1356.418	2.649	 m:h pubblica non privata noi::,
720	BOI013	1356.951	1358.280	1.329	 non possiamo far la scelta
721	BOI012	1358.307	1359.913	1.606	 siete lì per quello gina eh
722	BOI012	1360.078	1360.737	0.659	 °eh [e::h°]
723	BOI013	1360.277	1362.209	1.932	 [no {P} ci sono] i privati che fanno le scelte
724	BOI012	1362.280	1364.174	1.894	 beh ma i privati non sono lì per quello
725	BOI013	1364.332	1364.588	0.256	 eh
726	BOI012	1364.672	1365.215	0.543	 {ride}
727	BOR005	1365.236	1366.055	0.819	 ma poi in base
728	BOR005	1366.973	1369.249	2.276	 essendoci >quindi< molte patologie in più
729	BOR005	1369.625	1370.391	0.766	 m::h
730	BOR005	1370.454	1373.411	2.957	 cioè come dire {P} c'è anche del personale specializzato?
731	BOI013	1373.889	1374.825	0.936	 no siamo noi
732	BOI013	1375.476	1376.412	0.936	 che ci formano
733	BOI013	1376.666	1377.857	1.191	 >che facciamo< i corsi
734	BOI013	1379.372	1382.712	3.340	 pero': non è più come una volta e poi ci vuole gente giovane
735	BOI013	1383.193	1385.044	1.851	 che si rico~ >io già faccio fatica::<
736	BOI013	1385.506	1387.219	1.713	 a ricordarmi i nomi degli anziani
737	BOR005	1387.376	1387.642	0.266	 mh
738	BOI013	1388.033	1390.258	2.225	 li chiamo::: come mi passa in ma~
739	BOR005	1390.418	1391.077	0.659	 {ride}
740	BOI013	1390.418	1391.077	0.659	 {ride}
741	BOI013	1391.699	1392.837	1.138	 {ride}
742	BOI013	1392.894	1393.979	1.085	 non me li ricordo più
743	BOI013	1394.755	1398.191	3.436	 no: no °basta° {P} dopo i cinquantanni bisogna stare a <casa>
744	BOI013	1399.158	1400.509	1.351	 e farsi la pensione
745	BOI013	1401.998	1403.146	1.148	 pero' questo non si puo'
746	BOR005	1403.650	1406.906	3.256	 e anche tu provi questa fatica nell'andare al lavoro [>come dice lei?<]
747	BOI012	1406.035	1407.375	1.340	 [avoglia {P}] sì eh
748	BOR005	1407.819	1408.021	0.202	 mh
749	BOI013	1410.736	1412.108	1.372	 >[pero'] quando lavorano sti gio°vani°<
750	BOR005	1410.768	1410.895	0.127	 [e]
751	BOI013	1412.347	1413.103	0.756	 ma quando lavo°rano°
752	BOR005	1414.779	1417.417	2.638	 e pensate che bologna sia un buon posto per lavorare?
753	BOI012	1418.818	1421.669	2.851	 [oh d]io cioè:: non lo so [m::]:h
754	BOI013	1418.835	1419.112	0.277	 [sì]
755	BOI013	1420.673	1421.312	0.639	 [per me sì]
756	BOI012	1421.808	1422.393	0.585	 non lo so
757	BOI012	1422.590	1423.484	0.894	 [non te lo so] dire
758	BOI013	1422.621	1423.132	0.511	 [perché dici]
759	BOI012	1423.965	1428.162	4.197	 ma secondo me:: ci sono città che a livello ro~ lavorativo offrono di più
760	BOI012	1428.998	1431.115	2.117	 hanno più >aperture< {P} bologna::
761	BOI012	1432.119	1435.810	3.691	 è un po::' >secondo me:< in stasi ultimamen~ non lo so: non
762	BOI012	1436.183	1437.449	1.266	 non {P} non ho::
763	BOI012	1439.124	1441.681	2.557	 non ho:::: un m:h idea
764	BOI012	1441.789	1442.885	1.096	 e~ esattamente
765	BOI012	1443.486	1444.624	1.138	 di come sia messa
766	BOI012	1445.404	1446.680	1.276	 come sia messo il lavoro
767	BOR005	1448.106	1450.329	2.223	 >pero' tu bologn~ tu gina ha detto subito< sì
768	BOR005	1451.012	1452.991	1.979	 per me {P} è un buon posto per lavorare
769	BOI013	1453.244	1456.159	2.915	 sì perché:: io:: ho esperienze con chi viene dal giù
770	BOI013	1456.572	1457.998	1.426	 che ha {P} lavorato giù
771	BOI013	1458.436	1459.585	1.149	 qui è un altro mondo
772	BOI013	1459.629	1461.341	1.712	 qui ci sono diritti {P} ci sono
773	BOI013	1461.861	1462.605	0.744	 giù non ci sono
774	BOR005	1462.631	1462.886	0.255	 mhmh
775	BOI013	1462.910	1463.495	0.585	 qui c'è >una<
776	BOI013	1463.892	1465.392	1.500	 uno stipendio sicuro,
777	BOI013	1465.448	1467.076	1.628	 che giù:: non ce l'hanno
778	BOI012	1467.140	1470.374	3.234	 pero' gente da milano, a bologna non ne viene >a lavorar~ gente da torino<
779	BOI012	1470.686	1471.925	1.239	 a bologna non ne viene
780	BOI013	1471.965	1473.580	1.615	 no vengono quasi tut[ti da gi]ù
781	BOI012	1472.796	1473.285	0.489	 [e::h]
782	BOI013	1473.819	1475.702	1.883	 da {P} perché: su non vie~
783	BOI013	1475.885	1478.428	2.543	 non viene quello di milano perché c'ha il mio contratto
784	BOI013	1478.866	1479.844	0.978	 nazionale,
785	BOI013	1480.255	1481.957	1.702	 ed è:: messo in regola,
786	BOI013	1482.438	1485.980	3.542	 invece vengono {P} persone che lavorano {P} in nero {P} giù
787	BOI013	1486.209	1487.613	1.404	 che lavorano in quelle::
788	BOI012	1487.707	1490.640	2.933	 >sì ma questo non è perché< è un buon posto bologna dove lavorare
789	BOI013	1490.671	1493.458	2.787	 perché i d[iritti vengono risp]etta[ti giù no:]
790	BOI012	1490.985	1492.273	1.288	 [quello perché ci sono dei po~]
791	BOI012	1492.741	1495.443	2.702	 perché [ci sono dei p]osti peggiori dove si pu[o' lavor]are
792	BOI013	1494.797	1495.243	0.446	 [NO]
793	BOI013	1495.524	1498.264	2.740	 perché giù non vengono rispet[tati i dir]itti dei lavora[tori]
794	BOI012	1496.713	1497.267	0.554	 [e allora]
795	BOI012	1498.027	1499.612	1.585	 [non] è perché s[e xxx]
796	BOI013	1498.589	1499.652	1.063	 [se vuoi lavorare]
797	BOI013	1499.811	1500.907	1.096	 se vuoi lav[orare]
798	BOI012	1500.356	1501.696	1.340	 >vabbè [che si lav]ora male là<
799	BOI013	1501.884	1503.224	1.340	 sono:: {P} ques~ eh appunto
800	BOI012	1502.021	1502.904	0.883	 {ride}
801	BOI013	1503.362	1506.203	2.841	 se vuoi lavorare ti prendi i tuoi {P} cinquecento euro
802	BOI013	1506.300	1507.630	1.330	 e fai:::
803	BOI013	1507.752	1508.997	1.245	 e fai dodici ore
804	BOI013	1510.356	1512.707	2.351	 cioè:: questo è:: put~ è: la::
805	BOI013	1512.979	1516.244	3.265	 quello che dicono i miei colleghi, perché allora fanno i concorsi e vengono su
806	BOI013	1518.078	1519.163	1.085	 con {P} >(dei grassi)<
807	BOI013	1519.263	1522.710	3.447	 >si devono affittar la casa,< devono: star lontano dalla famiglia,
808	BOI013	1523.136	1525.157	2.021	 perché giù non c'è questa possibilità
809	BOI012	1525.705	1530.035	4.330	 >°beh vabbè° pero' se fai l'operaio metalmeccanico come me piuttost(o) che rimaner a lavorare a bologna<
810	BOI012	1530.496	1533.453	2.957	 e vai a lavorare a berlino:: e lavori: alla volkswagen
811	BOI012	1533.643	1535.654	2.011	 secondo >secondo me stai< meglio che qua [eh]
812	BOI013	1535.390	1535.975	0.585	 [°ah] {P} [ah eh°]
813	BOR005	1535.671	1537.830	2.159	 [quindi] secondo te sarebbe meglio andare all'estero?
814	BOI012	1537.927	1540.523	2.596	 ma {P} ma secondo te perché i ragazzi vanno all'estero
815	BOI012	1541.259	1544.291	3.032	 perché i giovani vanno all'estero {P} perché gli piace andare all'estero?
816	BOI012	1544.796	1545.455	0.659	 {ride}
817	BOI012	1545.861	1548.641	2.780	 ci vanno perché::: >guadagnan di più::,<
818	BOI012	1548.805	1550.911	2.106	 se trovi dei lavori che sono più::
819	BOI012	1551.387	1553.911	2.524	 vicini a:: alla tua idea di::
820	BOI012	1554.091	1556.304	2.213	 di lavoro, e:: via discorrendo
821	BOI012	1556.899	1557.304	0.405	 cioè
822	BOI012	1557.768	1559.140	1.372	 se mi devo laureare
823	BOI012	1559.686	1562.218	2.532	 i: in in meccanica >poi dopo<
824	BOI012	1562.566	1566.789	4.223	 stare a lavorare, a bologna, come netturbino >come ho conosciuto io::< della gente
825	BOI012	1567.260	1569.069	1.809	 non so se sia il caso >hai capito<
826	BOI012	1569.575	1570.320	0.745	 voglio dire
827	BOI012	1570.615	1570.998	0.383	 eh
828	BOI012	1571.126	1572.902	1.776	 >se c'ho la possibilità d'andare a fare::<
829	BOI012	1573.097	1576.118	3.021	 >l'ingegnere meccanico in germania vado in germania è logico<
830	BOI012	1576.876	1577.940	1.064	 °e::h cosa sto a fare qua°
831	BOI012	1578.553	1581.670	3.117	 >prima di formarmi una famiglia formi< una famiglia: tocca stare qua dopo
832	BOR005	1581.996	1584.379	2.383	 se av[ess]i potuto ti saresti trasferito all'estero
833	BOI012	1582.176	1582.357	0.181	 [eh]
834	BOI012	1584.576	1584.885	0.309	 no
835	BOI012	1585.016	1586.292	1.276	 onestamente no io no
836	BOI012	1586.400	1587.347	0.947	 non ho l'indole
837	BOR005	1587.925	1588.478	0.553	 tu gina?
838	BOI013	1588.573	1589.052	0.479	 no:
839	BOI013	1591.205	1592.353	1.148	 a me piace l'italia
840	BOI013	1594.749	1596.558	1.809	 io sono per l'ita~ {ride}
841	BOI013	1597.194	1597.971	0.777	 >no no no [°no°]<
842	BOR005	1597.743	1601.178	3.435	 [e ti s]aresti trasferita in {P} qualche altra parte d'italia? {P} per lavoro?
843	BOI013	1603.387	1603.579	0.192	 °mh°
844	BOI013	1603.789	1605.811	2.022	 >ah io mi son trasferita dalla calabria< {P} qua
845	BOI013	1606.664	1607.047	0.383	 percio'
846	BOI012	1607.169	1608.116	0.947	 sì ma non di tu[a sp~]
847	BOI013	1607.882	1608.297	0.415	 [NO]:
848	BOI012	1608.334	1609.260	0.926	 non di tua volontà
849	BOI013	1609.269	1611.194	1.925	 no:: >no no< d[i mia volontà no]
850	BOI012	1610.139	1612.171	2.032	 [perché eri piccoli~ è:]: in famiglia no
851	BOI013	1612.640	1616.044	3.404	 >sì perché era mio padre che è stato trasferito a bologna< pero' io {P} ho già fatto
852	BOI013	1616.356	1617.398	1.042	 l'esperienza
853	BOI013	1617.714	1618.469	0.755	 e::hm
854	BOI013	1618.727	1620.216	1.489	 >no no< ormai sono a bologna
855	BOR005	1621.944	1623.934	1.990	 e tu enrico invece ti saresti trasferito?
856	BOI012	1623.982	1628.205	4.223	 °beh° io non son mai stato costretto a trasferirmi cioè: nel senso che::
857	BOI012	1628.689	1631.987	3.298	 ho sempre trovato qualche cosa da fare qui >e son riuscito a vivere< qui
858	BOI012	1632.927	1635.820	2.893	 pero': se non avessi trovato nulla: è logico
859	BOI012	1636.350	1638.127	1.777	 che mi sarei trasferito {P} cioè
860	BOR005	1640.860	1641.477	0.617	 invece
861	BOR005	1641.530	1646.892	5.362	 parlando un po' del tempo libero {P} >visto che abbiamo parlato< del lavoro insomma per contrasto il tempo libero
862	BOR005	1647.318	1648.254	0.936	 voi durante:
863	BOR005	1649.543	1651.213	1.670	 mh >cioè< quando non siete a lavoro
864	BOR005	1651.679	1653.254	1.575	 cosa fate {P} di solito
865	BOI012	1654.447	1656.745	2.298	 io:::: {P} boh leggo un po' st~
866	BOI012	1657.658	1660.115	2.457	 provo: a suonare un po' la trom[ba::,]
867	BOR005	1659.690	1660.115	0.425	 [mhmh]
868	BOI012	1660.317	1660.977	0.660	 e dormo
869	BOR005	1661.313	1661.462	0.149	 mh
870	BOI012	1661.960	1662.970	1.010	 fondamentalmente
871	BOI013	1663.141	1665.878	2.737	 io guardo {P} io quando posso guardo la tv
872	BOI012	1663.441	1663.834	0.393	 {ride}
873	BOR005	1666.602	1667.900	1.298	 e che programmi guardi
874	BOI013	1668.810	1669.916	1.106	 {ride}
875	BOI013	1670.671	1671.617	0.946	 °devo proprio dirlo°
876	BOR005	1671.732	1672.594	0.862	 {ride}
877	BOI013	1671.732	1672.594	0.862	 {ride}
878	BOI013	1672.782	1674.994	2.212	 NO >no no< o:h eh mica sono ignorantona
879	BOR005	1675.186	1675.526	0.340	 {ride}
880	BOI013	1676.396	1679.662	3.266	 mi piace:::: la mattina mi guardo agorà
881	BOR005	1679.945	1680.477	0.532	 mhmh
882	BOI013	1680.889	1681.219	0.330	 [perché]
883	BOI012	1680.982	1682.557	1.575	 [io sono] a lavorare alla mattina [°eh°]
884	BOI013	1682.398	1685.643	3.245	 [no] io faccio i turni quando faccio il pomeriggio sono a casa o eh
885	BOI013	1685.986	1688.252	2.266	 perché <mi piace> sapere:::
886	BOI013	1688.520	1689.701	1.181	 quello che succede,
887	BOI013	1690.153	1691.684	1.531	 ch[e::::]
888	BOR005	1691.205	1691.705	0.500	 [mhmh]
889	BOI013	1691.943	1693.762	1.819	 perché è giusto che: siamo informati
890	BOI013	1694.267	1696.980	2.713	 >dopo mi ascolto< il telegiornale dell'emilia romagna,
891	BOI013	1697.620	1699.960	2.340	 >perché è la mia città< {P} è la nostra regione,
892	BOI013	1700.784	1705.085	4.301	 guardo molto queste queste cose qui poi:: °le teleno:: le telenovelas°
893	BOI013	1705.744	1707.702	1.958	 e poi alle otto son >già a letto che dormo<
894	BOR005	1708.284	1708.603	0.319	 {ride}
895	BOR005	1709.708	1714.059	4.351	 e nel pomeriggio quando sei a casa: >che: quindi non lavori< ti capita di guardare la tv?
896	BOI013	1714.584	1715.138	0.554	 SÌ
897	BOI012	1715.633	1716.845	1.212	 sei sempre dalla (tata a [xx)]
898	BOI013	1716.658	1718.547	1.889	 [>sì v]abbè poi vado anche da mia sorella io eh<
899	BOR005	1718.620	1718.876	0.256	 mh
900	BOI013	1719.756	1723.064	3.308	 pero' quando posso mi guardo la t~ sì:: {P} >quando torno da lavoro<
901	BOI013	1723.471	1725.067	1.596	 >c'ho proprio bisogno< di staccare
902	BOI013	1725.622	1729.143	3.521	 e:h io: ho tutti le: gli urli degli anziani nelle orecchie, tutte le mh
903	BOI013	1729.405	1731.522	2.117	 che chiedono, chia:~, adesso ancora: peggio
904	BOI013	1732.056	1733.984	1.928	 °che:: ormai° con il covid è::
905	BOI013	1734.681	1736.787	2.106	 è:: veramente faticoso lavorare
906	BOI013	1736.936	1737.946	1.010	 per noi il doppio
907	BOR005	1737.947	1738.149	0.202	 mh
908	BOI013	1738.255	1739.457	1.202	 doppia mascherina,
909	BOI013	1739.861	1740.925	1.064	 camice, no >°cioè no°<
910	BOI012	1741.109	1743.094	1.985	 poi lei dedica molto tempo anche a sua sorella
911	BOR005	1743.193	1743.491	0.298	 [m:h]
912	BOI013	1743.366	1745.122	1.756	 [po]i chiu:: chiu[si dentro:]
913	BOI012	1744.320	1745.299	0.979	 [all'antone]lla
914	BOI013	1745.473	1747.250	1.777	 chiusi dentro n[ei reparti,]
915	BOI012	1746.179	1747.296	1.117	 [che ha l'alzheimer]
916	BOI012	1747.384	1747.831	0.447	 {ride}
917	BOR005	1748.654	1749.866	1.212	 >e tu la tv la guardi?<
918	BOI012	1750.159	1750.553	0.394	 sì
919	BOI012	1750.694	1750.928	0.234	 sì
920	BOR005	1751.876	1753.621	1.745	 e che {P} programmi guardi d[i solito]
921	BOI012	1752.994	1754.419	1.425	 [film {P} c]erco dei film
922	BOR005	1755.079	1755.345	0.266	 mh
923	BOR005	1756.150	1756.533	0.383	 °mh° che
924	BOR005	1756.677	1759.369	2.692	 >di solito hai un genere preferito per i film< o::
925	BOI012	1759.756	1766.107	6.351	 ma:::: e:hm: no: cioè ci son dei film >che mi piacciono e dei film<:: un po' meno ma come genere no cioè
926	BOI012	1766.926	1769.830	2.904	 (mi) piacciono i film di fantascienza, ma li ho già visti tutti °mi sa°
927	BOR005	1769.468	1769.957	0.489	 {ride}
928	BOR005	1770.951	1772.026	1.075	 tu gina guardi film
929	BOI013	1772.032	1772.479	0.447	 no
930	BOI013	1773.199	1774.380	1.181	 a me piace::
931	BOI013	1774.632	1775.419	0.787	 te l'ho detto
932	BOR005	1775.542	1776.191	0.649	 telenovela
933	BOI013	1776.191	1779.744	3.553	 no no okay di sera no mi guardo:: >ormai c'ho i miei fissi<
934	BOI013	1780.186	1781.388	1.202	 carta bianca,
935	BOI013	1782.132	1783.217	1.085	 con la berling[uer,]
936	BOI012	1782.953	1784.975	2.022	 [sì:: a]nche a me capita di:: °v[edere°]
937	BOI013	1784.517	1786.963	2.446	 [perché mi] interes[sa: sa~] >te l'ho detto [poi mi<]
938	BOR005	1785.470	1785.896	0.426	 [mhmh]
939	BOI012	1786.519	1789.051	2.532	 [guardand]olo gina mi tocca guardarlo anche a me
940	BOI013	1789.079	1790.111	1.032	 [te mi:::] mi
941	BOR005	1789.126	1789.551	0.425	 [mh]
942	BOI013	1790.303	1792.920	2.617	 mercoledì mi devo guardare chi l'ha visto,
943	BOI012	1790.797	1791.670	0.873	 {ride}
944	BOI013	1793.632	1796.905	3.273	 martedì carta bianca, io c'ho i miei::°:[:°]
945	BOI012	1796.672	1798.981	2.309	 [m]artedì ci sei te in tv ti dobbiamo vedere,
946	BOR005	1799.003	1799.567	0.564	 {ride}
947	BOI013	1799.005	1799.250	0.245	 eh
948	BOI013	1799.669	1800.201	0.532	 {ride}
949	BOI012	1799.913	1800.839	0.926	 {ride}
950	BOR005	1800.869	1801.731	0.862	 che scherzi
951	BOI012	1802.211	1802.913	0.702	 {ride}
952	BOI013	1802.412	1805.242	2.830	 °e:h° mica mo è da tutti avere il cugino in tv
953	BOI013	1805.689	1806.349	0.660	 posso dirlo
954	BOR005	1807.227	1807.482	0.255	 eh
955	BOI013	1807.736	1808.013	0.277	 eh
956	BOR005	1809.149	1814.670	5.521	 e invece di sport >visto che< a bologna ci sono parecchie squadre, fra basket, calcio seguite qualcuna?
957	BOI012	1815.437	1816.777	1.340	 no {P} se: {P} no
958	BOI012	1817.469	1820.533	3.064	 allo stadio c'andavo da ragazzino, poi:: mi sono allon°t[anato°]
959	BOR005	1820.262	1821.615	1.353	 [per il c]alcio o per il bask[et]
960	BOI012	1821.447	1823.764	2.317	 [c]alcio il bas~ il basket non mi son mai interessato
961	BOI012	1824.291	1826.046	1.755	 >lo so che bologna< è basket city ma::
962	BOI012	1826.743	1829.754	3.011	 e::::h il basket non mi ha mai:::: mh
963	BOI012	1830.090	1830.590	0.500	 cioè::
964	BOI012	1831.427	1834.235	2.808	 non mi son mai interessato: al bas~ non e:h
965	BOI012	1835.684	1838.503	2.819	 no è:: una cosa che non e:h la sento lontana da me
966	BOI012	1838.982	1839.386	0.404	 °come:°
967	BOR005	1839.919	1841.410	1.491	 tu gina mai andata allo stadi[o?]
968	BOI013	1841.120	1843.746	2.626	 [s]ì:: io c'andavo {P} seguivo il catanzaro
969	BOR005	1844.226	1844.917	0.691	 {ride}
970	BOI013	1845.559	1846.027	0.468	 {ride}
971	BOI013	1846.736	1848.204	1.468	 eh sì sì che c'andavo::
972	BOR005	1849.320	1850.384	1.064	 abbonamento?
973	BOI013	1850.668	1853.477	2.809	 NO:: anda:~ no:: no pero' andavamo anche fu~
974	BOI013	1854.353	1858.108	3.755	 andavamo a reggio emilia::, quando giocava con il m[ilan,]
975	BOI012	1857.593	1859.880	2.287	 [pero' poco i]o non son mai stato uno sport[ivo:]:
976	BOI013	1859.374	1859.715	0.341	 [sì]
977	BOI013	1860.502	1862.619	2.117	 a me piace il c~ e::h >seguire lo sport<
978	BOI013	1862.935	1865.786	2.851	 >poi specialmente quando ci sono< i campionati, del mo[ndo,]
979	BOI012	1865.552	1867.786	2.234	 [ho fatto] un po' di sport attivo come il nuoto ma
980	BOR005	1867.839	1868.308	0.469	 mhmh?
981	BOI012	1869.337	1870.050	0.713	 poca roba
982	BOR005	1870.470	1871.460	0.990	 tu gina hai fatto s[port]
983	BOI013	1871.171	1872.703	1.532	 [no n]o {P} la poltrona
984	BOR005	1872.768	1873.534	0.766	 {ride}
985	BOI012	1874.399	1877.708	3.309	 >figurati che ho vinto< anche una gara >non son passato neanche dal podio perché<
986	BOI012	1878.112	1879.080	0.968	 dovevo andare
987	BOI012	1879.386	1884.333	4.947	 mi ha telefonato LEI (a dirmi) che c'era il compleanno di:: michela {P} mi [sembra]
988	BOR005	1880.536	1881.026	0.490	 {ride}
989	BOI013	1883.923	1884.828	0.905	 [vero]nica
990	BOI012	1884.889	1885.836	0.947	 o veronica,
991	BOI012	1886.379	1890.443	4.064	 e::: in fretta e furia >son scappato via non ho fatto::< non ho visto neanche
992	BOI012	1890.593	1891.285	0.692	 sul podio
993	BOR005	1891.464	1891.793	0.329	 {ride}
994	BOI012	1892.045	1893.683	1.638	 pure ho vinto: ha: vinto eh
995	BOI012	1893.828	1895.775	1.947	 >l'unica volta che sono arrivato primo non mi sono ne~<
996	BOR005	1895.851	1896.191	0.340	 {ride}
997	BOI012	1896.000	1897.872	1.872	 gustato neanche la vittoria io
998	BOR005	1898.017	1898.634	0.617	 {ride}
999	BOI013	1898.804	1899.728	0.924	 {ride}
1000	BOI012	1900.081	1901.198	1.117	 grazie a:::
1001	BOR005	1901.083	1901.647	0.564	 {ride}
1002	BOI013	1901.727	1903.429	1.702	 era >beh oh< c'era la torta
1003	BOI012	1903.447	1905.692	2.245	 a ro~ a rompi: a rompiscatole q[ua]
1004	BOI013	1905.558	1906.654	1.096	 [>eh] c'era la torta<
1005	BOR005	1906.507	1907.539	1.032	 {ride}
1006	BOR005	1908.314	1910.016	1.702	 invece parlando di musica
1007	BOR005	1910.155	1914.677	4.522	 a bologna ci sono tanti {P} artisti {P} ce ne sono anche stati
1008	BOR005	1915.085	1920.214	5.129	 e:: a voi è mai capitato di: incontrare qualche artista bolognese, i[n giro per strada?]
1009	BOI012	1919.260	1920.526	1.266	 [uh avoglia] {P} [sì eh]
1010	BOI013	1919.865	1920.200	0.335	 [sì]
1011	BOI013	1920.299	1921.480	1.181	 [luc]a carboni,
1012	BOR005	1921.506	1921.900	0.394	 mhmh
1013	BOI013	1923.002	1925.524	2.522	 °si chiama lu[ca carbo~°] >sì sì< in chiesa °l'ho incontra~°
1014	BOR005	1923.689	1924.093	0.404	 [>sì sì<]
1015	BOI013	1926.125	1926.923	0.798	 a san petronio
1016	BOI013	1928.131	1929.194	1.063	 poi lucio dalla,
1017	BOR005	1929.576	1930.268	0.692	 a::h
1018	BOI013	1930.307	1931.435	1.128	 gianni morandi,
1019	BOI013	1933.667	1934.061	0.394	 sì
1020	BOI013	1934.597	1935.118	0.521	 questi sì
1021	BOI012	1935.275	1937.445	2.170	 io {P} io li frequento i grandi artis[ti]
1022	BOR005	1937.326	1937.445	0.119	 [°mh°]
1023	BOI013	1937.326	1939.145	1.819	 [bepp]e {P} >beppe maniglia,<
1024	BOI013	1939.345	1939.930	0.585	 {ride}
1025	BOI012	1939.952	1943.846	3.894	 no: sì mi vedo con domenico::, che era il bassista di lucio di::
1026	BOR005	1943.930	1944.440	0.510	 mhmh,
1027	BOI012	1944.757	1946.831	2.074	 e::h °li° >lo conosco è un mio amico<
1028	BOR005	1947.315	1947.730	0.415	 mhmh
1029	BOI012	1947.781	1950.983	3.202	 poi altri, cioè:: michael {P} brusha:, >cioè tutta::<
1030	BOI012	1951.389	1954.751	3.362	 #la balotta dei musicisti jazz di bologna [li con]osco {P} tutti
1031	BOI013	1953.570	1953.889	0.319	 [mhmh]
1032	BOI012	1955.183	1955.705	0.522	 °praticamen~°
1033	BOR005	1957.262	1961.667	4.405	 °e di:° di solito che m~ che {P} tipo di musica ascoltate: >qualche volta [vi capita?<]
1034	BOI013	1960.889	1961.698	0.809	 [ITALIANA]
1035	BOI012	1962.180	1964.446	2.266	 io tutta {P} tutta {P} [mh non ho:::]
1036	BOI013	1963.421	1966.836	3.415	 [>no no< io ital]iana {P} io voglio capire quando cantano
1037	BOR005	1967.494	1970.504	3.010	 ma i:: musica italiana mh di m:h qual [m:h]
1038	BOI013	1970.233	1971.467	1.234	 [cant]autori,
1039	BOI013	1971.818	1972.563	0.745	 pu:~ tutto
1040	BOI013	1972.995	1976.367	3.372	 pero' io devo capire {P} a me: la musica straniera non la capisco,
1041	BOI013	1976.442	1977.293	0.851	 e non l'ascolto
1042	BOR005	1978.375	1981.864	3.489	 ma ascolti m::h di qualche epoca in particolare o::
1043	BOI013	1983.409	1985.068	1.659	 ma: sì gli anni novanta,
1044	BOR005	1985.207	1985.590	0.383	 mhmh
1045	BOI013	1985.626	1986.605	0.979	 gli ottanta,
1046	BOI013	1987.357	1989.559	2.202	 >no gli ultimi no< non non non mi interessa
1047	BOI013	1990.315	1992.698	2.383	 >io a me piacciono< i cantautori, gianni::
1048	BOI013	1993.017	1993.804	0.787	 [>che c'erano prima<]
1049	BOI012	1993.046	1995.493	2.447	 [xx]x ti piacciono i {P} qu[elli n]uovi
1050	BOI013	1994.506	1994.953	0.447	 [sì]
1051	BOI013	1995.547	1997.079	1.532	 sì ma m:h qualcosa >non n[on<]
1052	BOI012	1996.836	1998.347	1.511	 [f]edez, e::h
1053	BOI013	1999.224	2000.107	0.883	 >come dice a caterina<
1054	BOI012	2000.112	2000.846	0.734	 quelli nuovi
1055	BOR005	2000.963	2001.240	0.277	 mh
1056	BOI013	2002.189	2003.029	0.840	 non tanto
1057	BOI013	2004.214	2005.916	1.702	 mi piace:::: i vecchi
1058	BOI012	2006.446	2006.712	0.266	 mh
1059	BOI013	2007.375	2009.109	1.734	 >cioè io devo capire la musica< se no
1060	BOI013	2009.209	2010.549	1.340	 cosa la ascolto a fa~ [la canz]
1061	BOI012	2010.086	2010.777	0.691	 [l'unica:]
1062	BOI013	2010.973	2013.941	2.968	 la canzone che io >non la capisco che mi parlano inglese<
1063	BOI012	2014.202	2016.957	2.755	 >sta parlando di musica< non di <canzoni> g[ina: eh ades~]
1064	BOI013	2016.121	2018.259	2.138	 [qual è {P} lui sta c]a:~ che generi hai detto
1065	BOR005	2018.526	2019.824	1.298	 sì {P} che g[enere] di music[a]
1066	BOI013	2019.025	2019.280	0.255	 [eh]
1067	BOI012	2019.712	2022.542	2.830	 [m]a un brano jazz >dove non< c'è nessuno che can[ta:,]
1068	BOI013	2022.202	2023.010	0.808	 [>mi dà] fastidio<
1069	BOI012	2023.170	2023.882	0.712	 ah ec[co ve~]
1070	BOI013	2023.423	2024.401	0.978	 [m'innervo]sisce
1071	BOI012	2024.442	2024.856	0.414	 eh
1072	BOI012	2025.142	2025.568	0.426	 cioè
1073	BOI012	2025.802	2027.387	1.585	 (in)vece a me piace per esempio no
1074	BOI013	2028.697	2029.134	0.437	 eh oh
1075	BOI013	2029.456	2029.924	0.468	 [>tutte<]
1076	BOI012	2029.489	2032.148	2.659	 [la musica cla]ssica >dove non c'è nessuno che< {P} che canta,
1077	BOI013	2032.291	2033.653	1.362	 <orrore>
1078	BOR005	2033.938	2034.087	0.149	 mh
1079	BOI012	2035.557	2036.483	0.926	 >°cioè ma non esi~°<
1080	BOI013	2036.610	2037.546	0.936	 {ride}
1081	BOI013	2039.499	2041.116	1.617	 {ride}
1082	BOI012	2039.499	2041.116	1.617	 {ride}
1083	BOR005	2041.443	2041.805	0.362	 che poi
1084	BOI013	2041.950	2042.312	0.362	 [bel]
1085	BOR005	2041.961	2046.032	4.071	 [parlan]do di musica {P} quando eravate giovani vi capitava di andare a ballare in discoteca?
1086	BOI013	2042.812	2043.418	0.606	 {ride}
1087	BOI013	2046.121	2046.706	0.585	 [living]
1088	BOI012	2046.188	2049.283	3.095	 [mi capita]va prima che conoscessi lei mi capitava dopo
1089	BOI013	2049.284	2050.391	1.107	 poi sei diventato vecchio
1090	BOI012	2050.447	2054.454	4.007	 finiti di giochi >perché lei< no in discoteca non ci vengo non mi piace non c'andiamo
1091	BOI013	2054.518	2055.987	1.469	 no invece [c'andavo]
1092	BOI012	2055.065	2057.428	2.363	 [al cinema non c'a]ndiamo perché m'addormento
1093	BOI013	2057.487	2058.007	0.520	 {ride}
1094	BOI013	2058.056	2058.949	0.893	 ris[par]mi,
1095	BOI012	2058.360	2058.850	0.490	 [e::]
1096	BOI012	2059.121	2061.303	2.182	 e:: là non c'andiamo xx >cioè<
1097	BOI012	2061.467	2062.764	1.297	 centro commerciale
1098	BOR005	2062.625	2062.965	0.340	 {ride}
1099	BOI013	2063.168	2064.212	1.044	 centro commer[ciale]
1100	BOI012	2063.764	2066.360	2.596	 [lo sp]ort di gina è il <centro commercia[le>]
1101	BOI013	2066.199	2066.667	0.468	 [un p]o':
1102	BOR005	2066.696	2068.983	2.287	 e quando andavi a ballare dove andavi d[i solito]
1103	BOI012	2068.498	2069.594	1.096	 [ovun]que {P} ovunque
1104	BOI013	2069.683	2070.690	1.007	 IO AL LIVING
1105	BOI013	2071.112	2075.879	4.767	 e con mia <cugina carolina andavamo a piacenza>
1106	BOI012	2076.482	2077.397	0.915	 [°tua madre pure°]
1107	BOR005	2076.489	2079.223	2.734	 [e qua {P} e qua a] bologna andavi a ballare qualche vol[ta?]
1108	BOI013	2079.063	2080.213	1.150	 [al] living sì
1109	BOR005	2080.228	2081.610	1.382	 a::h >avevo capito a v~ [piacenza<]
1110	BOI013	2081.063	2082.799	1.736	 [di xx]ri~ >anche a piacenza<
1111	BOR005	2082.853	2083.373	0.520	 {ride}
1112	BOI013	2085.456	2086.085	0.629	 poi basta
1113	BOR005	2087.154	2088.856	1.702	 e:: ci sono ancora questi posti?
1114	BOI012	2088.877	2089.011	0.134	 no
1115	BOI013	2089.083	2089.306	0.223	 no
1116	BOI012	2089.494	2090.217	0.723	 >il living non c'è più<
1117	BOI012	2090.789	2092.065	1.276	 >poi c'era una sala< bingo,
1118	BOI013	2092.811	2093.554	0.743	 a [corticella]
1119	BOI012	2092.893	2095.797	2.904	 [poi dopo {P}] credo che sia chiuso anche quello >adesso gi[usto<]
1120	BOI013	2095.467	2095.893	0.426	 [sì]
1121	BOI013	2095.967	2096.478	0.511	 (basta)
1122	BOI012	2097.408	2098.099	0.691	 °c'è più niente°
1123	BOI013	2098.376	2101.063	2.687	 è aperto >ci siamo andati prima a prendere i soldi<
1124	BOR005	2101.185	2101.632	0.447	 {ride}
1125	BOI013	2101.457	2102.223	0.766	 è lì vicino
1126	BOI012	2102.277	2104.522	2.245	 ah discoteche:: mh io che:
1127	BOI012	2104.582	2107.742	3.160	 cioè anche lì che non ci vado sono: quarant'anni >che non vado in discoteca cioè:<
1128	BOI013	2108.255	2109.308	1.053	 che poi a bologna
1129	BOI012	2109.413	2112.572	3.159	 io ho sessant'anni >son vecchio andare in discoteca coi ragazzini cioè:<
1130	BOI012	2113.700	2115.295	1.595	 mi prendono a calci nel sedere
1131	BOR005	2115.859	2118.774	2.915	 e adesso vi capita qualche volta di uscire nel fine settimana?
1132	BOI012	2119.468	2120.404	0.936	 ma: di r[ado]
1133	BOI013	2120.044	2120.693	0.649	 [po]co
1134	BOI012	2120.782	2121.452	0.670	 di rado
1135	BOR005	2121.927	2124.438	2.511	 e quando uscite {P} dove vi capita [di andare]
1136	BOI012	2123.771	2126.676	2.905	 [m::h da] parenti a >casa da parenti<, a [casa di amici,]
1137	BOI013	2125.914	2127.712	1.798	 [>o andare a mangiare la p]izza con mio cug[ino<]
1138	BOI012	2127.526	2129.856	2.330	 [and]are a mangi[ar la piz]za con gli amici, esat[to]
1139	BOR005	2128.079	2128.526	0.447	 [ihih]
1140	BOI013	2129.682	2130.916	1.234	 [sì] con i miei colleghi,
1141	BOR005	2131.079	2131.441	0.362	 mh
1142	BOI013	2132.141	2134.396	2.255	 ma poca roba col covid ancora peggio
1143	BOI013	2135.949	2136.757	0.808	 evitiamo
1144	BOI013	2137.366	2139.037	1.671	 evitare è meglio che::
1145	BOI013	2139.070	2140.432	1.362	 {ride} curare {ride}
1146	BOI012	2140.930	2141.919	0.989	 °prevenire era poi°
1147	BOR005	2142.200	2142.839	0.639	 {ride}
1148	BOI013	2142.895	2143.785	0.890	 pero' è meglio curare
1149	BOR005	2145.395	2146.746	1.351	 bene {P} siamo
1150	BOR005	2147.016	2149.410	2.394	 alla fine, {P} vi ringrazio per
1151	BOR005	2149.590	2150.973	1.383	 averci dato una mano
1152	BOI013	2151.026	2152.249	1.223	 grazie a t[e:]
1153	BOR005	2151.756	2153.086	1.330	 [e grazi]e mille an[cora]
1154	BOI012	2152.671	2153.214	0.543	 [prego]
